mean_fit_time,std_fit_time,mean_score_time,std_score_time,param_clf__max_depth,param_clf__max_features,param_clf__min_samples_leaf,param_clf__min_samples_split,param_clf__n_estimators,params,split0_test_roc_auc,split1_test_roc_auc,split2_test_roc_auc,split3_test_roc_auc,split4_test_roc_auc,mean_test_roc_auc,std_test_roc_auc,rank_test_roc_auc,split0_test_f1,split1_test_f1,split2_test_f1,split3_test_f1,split4_test_f1,mean_test_f1,std_test_f1,rank_test_f1,split0_test_accuracy,split1_test_accuracy,split2_test_accuracy,split3_test_accuracy,split4_test_accuracy,mean_test_accuracy,std_test_accuracy,rank_test_accuracy
1.390960168838501,0.15631289588639677,0.1300353527069092,0.056292089962587555,,sqrt,1,2,200,"{'clf__max_depth': None, 'clf__max_features': 'sqrt', 'clf__min_samples_leaf': 1, 'clf__min_samples_split': 2, 'clf__n_estimators': 200}",0.9661189610694184,0.9525826688555347,0.956449158676929,0.9413215937126058,0.9397835408834586,0.9512511846395892,0.00979740975536195,1,0.5925925925925926,0.5608465608465609,0.696078431372549,0.5989304812834225,0.606060606060606,0.6109017344311461,0.04530466246452289,46,0.8835098335854765,0.8744326777609682,0.906060606060606,0.8863636363636364,0.8818181818181818,0.8864369871177736,0.010574467684736522,23
3.6309224128723145,0.5209635451529699,0.20161046981811523,0.04517446695079356,,sqrt,1,2,400,"{'clf__max_depth': None, 'clf__max_features': 'sqrt', 'clf__min_samples_leaf': 1, 'clf__min_samples_split': 2, 'clf__n_estimators': 400}",0.9639276500938087,0.9545101430581613,0.9569736006263756,0.9364095670029988,0.9409803806390977,0.9505602682840883,0.01027069455243996,2,0.5999999999999999,0.5454545454545455,0.6926829268292682,0.6170212765957447,0.6161616161616161,0.6142640730082348,0.04711461415992434,45,0.8850226928895613,0.8714069591527988,0.9045454545454545,0.8909090909090909,0.8848484848484849,0.887346536469078,0.010716391305274553,20
1.5344790935516357,0.25539660660794206,0.13108258247375487,0.034922326073089115,,sqrt,1,5,200,"{'clf__max_depth': None, 'clf__max_features': 'sqrt', 'clf__min_samples_leaf': 1, 'clf__min_samples_split': 5, 'clf__n_estimators': 200}",0.9570532363977486,0.9455909943714822,0.9479694494098181,0.9240962609504957,0.9282630404135339,0.9405945963086157,0.01244589591659085,8,0.6698564593301436,0.6280193236714977,0.7272727272727274,0.6567164179104477,0.6636363636363636,0.6691002583642359,0.03242056391866564,14,0.8956127080181543,0.8835098335854765,0.9090909090909091,0.8954545454545455,0.8878787878787879,0.8943093568055748,0.008711904360043593,3
3.0367756366729735,0.39045849438389124,0.27579388618469236,0.10881675231936272,,sqrt,1,5,400,"{'clf__max_depth': None, 'clf__max_features': 'sqrt', 'clf__min_samples_leaf': 1, 'clf__min_samples_split': 5, 'clf__n_estimators': 400}",0.9575515947467167,0.9439933161350844,0.9483240017136695,0.9261349366976407,0.9278371710526315,0.9407682040691485,0.01208733020446587,7,0.6274509803921569,0.594059405940594,0.7397260273972603,0.6497461928934011,0.6454545454545454,0.6512874304155916,0.04837562719218276,30,0.8850226928895613,0.875945537065053,0.9136363636363637,0.8954545454545455,0.8818181818181818,0.890375464172741,0.013243629023517783,14
1.7117466926574707,0.1338215304445328,0.13442058563232423,0.04451438224080487,,sqrt,2,2,200,"{'clf__max_depth': None, 'clf__max_features': 'sqrt', 'clf__min_samples_leaf': 2, 'clf__min_samples_split': 2, 'clf__n_estimators': 200}",0.9510436210131332,0.9371042448405255,0.9427102569026901,0.9164142943670504,0.9191141917293233,0.9332773217705445,0.0134478469648012,19,0.6481481481481481,0.6445497630331753,0.7192982456140351,0.6442307692307692,0.6306306306306305,0.6573715113313516,0.03153455844102899,26,0.8850226928895613,0.886535552193646,0.9030303030303031,0.8878787878787879,0.8757575757575757,0.8876449823499748,0.008788406342913611,19
2.8342975616455077,0.38230095207995407,0.19340243339538574,0.03632178217459368,,sqrt,2,2,400,"{'clf__max_depth': None, 'clf__max_features': 'sqrt', 'clf__min_samples_leaf': 2, 'clf__min_samples_split': 2, 'clf__n_estimators': 400}",0.9514540337711069,0.9383941135084428,0.9438034598395652,0.9194870810004283,0.9224183505639098,0.9351114077366904,0.01231781343418326,14,0.641860465116279,0.6445497630331753,0.7423580786026202,0.6571428571428571,0.6666666666666667,0.6705155661123197,0.03701439643079936,12,0.8835098335854765,0.886535552193646,0.9106060606060606,0.8909090909090909,0.8863636363636364,0.8915848347315821,0.009800259930598975,11
1.3495012283325196,0.13674313422560516,0.11471624374389648,0.02186583979472473,,sqrt,2,5,200,"{'clf__max_depth': None, 'clf__max_features': 'sqrt', 'clf__min_samples_leaf': 2, 'clf__min_samples_split': 5, 'clf__n_estimators': 200}",0.9475844277673546,0.9423076923076923,0.9389874577122512,0.9176109083925486,0.9194225798872179,0.9331826132134129,0.012297902737823259,20,0.6575342465753425,0.6448598130841121,0.7413793103448276,0.676056338028169,0.6550218340611355,0.6749703084187173,0.03469851526573176,7,0.886535552193646,0.8850226928895613,0.9090909090909091,0.8954545454545455,0.8803030303030303,0.8912813459863385,0.010166738359258135,12
2.6063754081726076,0.29348408667701015,0.1654151439666748,0.014069767344822634,,sqrt,2,5,400,"{'clf__max_depth': None, 'clf__max_features': 'sqrt', 'clf__min_samples_leaf': 2, 'clf__min_samples_split': 5, 'clf__n_estimators': 400}",0.9487716932457786,0.9394787757973734,0.9402136177630704,0.920535964899322,0.921610667293233,0.9341221437997556,0.011149261516916455,18,0.6576576576576576,0.6291079812206574,0.7467811158798284,0.6666666666666666,0.6491228070175439,0.6698672456884708,0.04041462742497822,13,0.8850226928895613,0.8804841149773072,0.9106060606060606,0.8939393939393939,0.8787878787878788,0.8897680282400403,0.01166959142159927,16
1.3388688087463378,0.15161530095238346,0.10576472282409669,0.008419638049381693,,log2,1,2,200,"{'clf__max_depth': None, 'clf__max_features': 'log2', 'clf__min_samples_leaf': 1, 'clf__min_samples_split': 2, 'clf__n_estimators': 200}",0.9614944887429644,0.9531030136022514,0.9566116618161943,0.9332333692809974,0.9397835408834586,0.9488452148651731,0.010623505408845907,4,0.625,0.5405405405405405,0.6700507614213197,0.5555555555555556,0.606060606060606,0.5994414927156042,0.04707019530611979,48,0.8910741301059002,0.8714069591527988,0.9015151515151515,0.8787878787878788,0.8818181818181818,0.8849204602759823,0.01042208069094887,25
2.6859594345092774,0.2319326275116293,0.18048834800720215,0.010453675282925207,,log2,1,2,400,"{'clf__max_depth': None, 'clf__max_features': 'log2', 'clf__min_samples_leaf': 1, 'clf__min_samples_split': 2, 'clf__n_estimators': 400}",0.9646165572232646,0.9531543151969981,0.9568997355630734,0.9338464493064071,0.9409803806390977,0.9498994875857683,0.011076461709068328,3,0.6243386243386243,0.532608695652174,0.6767676767676767,0.5869565217391304,0.6161616161616161,0.6073666269318443,0.04730164253604055,47,0.8925869894099848,0.869894099848714,0.9030303030303031,0.8848484848484849,0.8848484848484849,0.8870416723971942,0.010863206136747575,21
1.2824006080627441,0.19623549361826484,0.12094602584838868,0.025216031693261157,,log2,1,5,200,"{'clf__max_depth': None, 'clf__max_features': 'log2', 'clf__min_samples_leaf': 1, 'clf__min_samples_split': 5, 'clf__n_estimators': 200}",0.9527292448405253,0.9445796200750468,0.9507467757899868,0.9228405548743555,0.9282630404135339,0.9398318471986897,0.012087689478584905,10,0.6602870813397129,0.6138613861386139,0.7476635514018691,0.65,0.6636363636363636,0.6670896765033119,0.043990130540887594,16,0.8925869894099848,0.8819969742813918,0.9181818181818182,0.8939393939393939,0.8878787878787879,0.8949167927382755,0.012362038037558878,1
2.3373345851898195,0.11974736908242263,0.17220716476440429,0.019461613958283965,,log2,1,5,400,"{'clf__max_depth': None, 'clf__max_features': 'log2', 'clf__min_samples_leaf': 1, 'clf__min_samples_split': 5, 'clf__n_estimators': 400}",0.9529051360225141,0.9443744136960601,0.9495353887518283,0.9229291929503183,0.9278371710526315,0.9395162604946705,0.011956408418732523,11,0.6538461538461537,0.6009852216748768,0.7363636363636364,0.6565656565656565,0.6454545454545454,0.6586430427809737,0.04374054672775343,24,0.8910741301059002,0.8774583963691377,0.9121212121212121,0.896969696969697,0.8818181818181818,0.8918883234768258,0.012210516775909185,9
1.2857512474060058,0.12546677839335532,0.09698176383972168,0.008962376179022248,,log2,2,2,200,"{'clf__max_depth': None, 'clf__max_features': 'log2', 'clf__min_samples_leaf': 2, 'clf__min_samples_split': 2, 'clf__n_estimators': 200}",0.9463971622889306,0.9335571060037524,0.9439511899661698,0.9158972389239337,0.9191141917293233,0.9317833777824219,0.012471103766900322,23,0.6511627906976744,0.6255924170616113,0.6912442396313363,0.6467661691542288,0.6306306306306305,0.6490792494350963,0.0231497762993956,34,0.886535552193646,0.8804841149773072,0.8984848484848484,0.8924242424242425,0.8757575757575757,0.886737266767524,0.008124574808321594,22
2.7065264225006103,0.258260978951058,0.2062511920928955,0.039897990755936044,,log2,2,2,400,"{'clf__max_depth': None, 'clf__max_features': 'log2', 'clf__min_samples_leaf': 2, 'clf__min_samples_split': 2, 'clf__n_estimators': 400}",0.9507064962476548,0.9354186210131332,0.9460489577639567,0.9178620496077764,0.9224183505639098,0.9344908950392862,0.012803593577381313,17,0.647887323943662,0.6255924170616113,0.7004608294930876,0.6567164179104477,0.6666666666666667,0.6594647310150951,0.02458239695200149,22,0.886535552193646,0.8804841149773072,0.9015151515151515,0.8954545454545455,0.8863636363636364,0.8900706001008573,0.007457928204606453,15
1.1982824325561523,0.1744351149796977,0.10528907775878907,0.021828060640571436,,log2,2,5,200,"{'clf__max_depth': None, 'clf__max_features': 'log2', 'clf__min_samples_leaf': 2, 'clf__min_samples_split': 5, 'clf__n_estimators': 200}",0.9460746951219512,0.9328975140712945,0.9434489075357138,0.9141097043920166,0.9194225798872179,0.9311906802016388,0.012688256294698044,24,0.6666666666666666,0.6355140186915887,0.7456140350877193,0.6507177033492824,0.6550218340611355,0.6707068515712784,0.038759593763251415,11,0.8895612708018155,0.8819969742813918,0.9121212121212121,0.8893939393939394,0.8803030303030303,0.8906752853802777,0.0113640433711931,13
2.5405087947845457,0.25255034505349394,0.21455769538879393,0.04256941338546733,,log2,2,5,400,"{'clf__max_depth': None, 'clf__max_features': 'log2', 'clf__min_samples_leaf': 2, 'clf__min_samples_split': 5, 'clf__n_estimators': 400}",0.9478336069418387,0.9350228658536586,0.9444239263713049,0.9150551772022869,0.921610667293233,0.9327892487324645,0.012697601814254335,22,0.6757990867579908,0.619718309859155,0.7400881057268722,0.6507177033492824,0.6491228070175439,0.6670892025421689,0.04059438576152689,17,0.8925869894099848,0.8774583963691377,0.9106060606060606,0.8893939393939394,0.8787878787878788,0.8897666529134003,0.01195324881997418,17
2.6449846267700194,0.2719553073084016,0.09422106742858886,0.011214819972927658,,0.5,1,2,200,"{'clf__max_depth': None, 'clf__max_features': 0.5, 'clf__min_samples_leaf': 1, 'clf__min_samples_split': 2, 'clf__n_estimators': 200}",0.9637077861163227,0.9453051712007504,0.9476370566249576,0.9386698379400511,0.9311046170112782,0.9452848937786721,0.01086071136032922,6,0.6600985221674877,0.6231155778894472,0.6826923076923077,0.6565656565656565,0.6146341463414634,0.6474212421312725,0.025116292619897933,38,0.8956127080181543,0.886535552193646,0.9,0.896969696969697,0.8803030303030303,0.8918841974969055,0.0073261420408920926,10
5.601606130599976,0.7066457865535022,0.22772741317749023,0.04840063938100054,,0.5,1,2,400,"{'clf__max_depth': None, 'clf__max_features': 0.5, 'clf__min_samples_leaf': 1, 'clf__min_samples_split': 2, 'clf__n_estimators': 400}",0.9641108700750468,0.9482953212945592,0.9480950200174322,0.9385811998640882,0.9336965460526315,0.9465557914607515,0.010416623995770653,5,0.6862745098039216,0.6268656716417912,0.7096774193548389,0.6565656565656565,0.6220095693779905,0.6602785653488398,0.0337957367587847,21,0.903177004538578,0.886535552193646,0.9045454545454545,0.896969696969697,0.8803030303030303,0.8943061477100812,0.009456209090271924,4
2.535550594329834,0.2680801648180753,0.09538984298706055,0.008093188417291177,,0.5,1,5,200,"{'clf__max_depth': None, 'clf__max_features': 0.5, 'clf__min_samples_leaf': 1, 'clf__min_samples_split': 5, 'clf__n_estimators': 200}",0.9612892823639776,0.9393468574108818,0.938854500598307,0.9296065946728516,0.9269560620300752,0.9392106594152185,0.012083246310142777,12,0.6822429906542056,0.6341463414634146,0.7043478260869565,0.6854460093896713,0.6574074074074074,0.6727181150003311,0.024394100335985082,9,0.897125567322239,0.886535552193646,0.896969696969697,0.8984848484848484,0.8878787878787879,0.8933988905698437,0.005100641004055578,5
5.801706027984619,0.6159883857695649,0.18024144172668458,0.030627408992198367,,0.5,1,5,400,"{'clf__max_depth': None, 'clf__max_features': 0.5, 'clf__min_samples_leaf': 1, 'clf__min_samples_split': 5, 'clf__n_estimators': 400}",0.960952157598499,0.9428500234521575,0.9396965623199539,0.9298872819134006,0.9273672462406015,0.9401506543049225,0.011907541032325091,9,0.6976744186046511,0.6407766990291262,0.7241379310344829,0.6634615384615384,0.6575342465753425,0.6767169667410282,0.030077728033108025,5,0.9016641452344932,0.8880484114977307,0.9030303030303031,0.8939393939393939,0.8863636363636364,0.8946091780131115,0.006814237068343264,2
2.7127788066864014,0.38906365371990587,0.09593849182128907,0.014933797472863755,,0.5,2,2,200,"{'clf__max_depth': None, 'clf__max_features': 0.5, 'clf__min_samples_leaf': 2, 'clf__min_samples_split': 2, 'clf__n_estimators': 200}",0.9563936444652908,0.9342166979362101,0.9379976658639997,0.9262088017609431,0.9192023026315789,0.9348038225316045,0.012601171111366457,16,0.6756756756756757,0.6542056074766355,0.711864406779661,0.6571428571428571,0.6396396396396398,0.6677056373428938,0.02487987856971489,15,0.8910741301059002,0.8880484114977307,0.896969696969697,0.8909090909090909,0.8787878787878788,0.8891578416540595,0.0059419034656261124,18
5.660499143600464,0.7920664112686452,0.18957910537719727,0.02626604438238101,,0.5,2,2,400,"{'clf__max_depth': None, 'clf__max_features': 0.5, 'clf__min_samples_leaf': 2, 'clf__min_samples_split': 2, 'clf__n_estimators': 400}",0.9578740619136961,0.9359316369606003,0.9378351627247344,0.9261792557356221,0.9224917763157895,0.9360623787300885,0.012334883459642084,13,0.6933333333333334,0.6509433962264151,0.717948717948718,0.6883720930232557,0.6486486486486486,0.6798492378360742,0.026514353552669588,3,0.8956127080181543,0.8880484114977307,0.9,0.8984848484848484,0.8818181818181818,0.8927928299637831,0.006859249164702886,7
2.7184020042419434,0.31529951838392456,0.1126441478729248,0.013747341158737386,,0.5,2,5,200,"{'clf__max_depth': None, 'clf__max_features': 0.5, 'clf__min_samples_leaf': 2, 'clf__min_samples_split': 5, 'clf__n_estimators': 200}",0.9537845919324578,0.9304203799249531,0.9351760204458496,0.9274645078370831,0.9180421757518797,0.9329775351784446,0.01181325038161353,21,0.7192982456140351,0.6511627906976744,0.7083333333333333,0.6877828054298643,0.6548672566371682,0.6842888863424151,0.027491702913698384,2,0.903177004538578,0.886535552193646,0.8939393939393939,0.8954545454545455,0.8818181818181818,0.8921849355888691,0.007402420807558696,8
4.845082139968872,0.1483158987610247,0.17681460380554198,0.015671670951365086,,0.5,2,5,400,"{'clf__max_depth': None, 'clf__max_features': 0.5, 'clf__min_samples_leaf': 2, 'clf__min_samples_split': 5, 'clf__n_estimators': 400}",0.9544734990619138,0.9346710834896811,0.9373624263195993,0.9265042620141525,0.9216840930451128,0.934939072786092,0.011263913984304631,15,0.7304347826086957,0.6543778801843319,0.7112970711297071,0.6788990825688073,0.6577777777777778,0.6865573188538638,0.029865411461624705,1,0.9062027231467473,0.886535552193646,0.8954545454545455,0.8939393939393939,0.8833333333333333,0.8930931096135332,0.007954990078388737,6
0.8877982139587403,0.0808827139986166,0.08346734046936036,0.010037860913553413,5,sqrt,1,2,200,"{'clf__max_depth': 5, 'clf__max_features': 'sqrt', 'clf__min_samples_leaf': 1, 'clf__min_samples_split': 2, 'clf__n_estimators': 200}",0.838781074108818,0.8210893527204504,0.8397866776971828,0.8250579840746922,0.8361430921052632,0.8321716361412813,0.007627149430328231,63,0.5682656826568266,0.5263157894736842,0.6000000000000001,0.5683453237410072,0.5806451612903226,0.5687143914323681,0.02416241532391799,63,0.8229954614220878,0.8093797276853253,0.8303030303030303,0.8181818181818182,0.8227272727272728,0.8207174620639069,0.006871469263285521,61
1.5595569610595703,0.14306955288356113,0.13175039291381835,0.017777362591114943,5,sqrt,1,2,400,"{'clf__max_depth': 5, 'clf__max_features': 'sqrt', 'clf__min_samples_leaf': 1, 'clf__min_samples_split': 2, 'clf__n_estimators': 400}",0.8441017823639775,0.8219834662288931,0.8388116588615916,0.8254864014418459,0.837391329887218,0.8335549277567053,0.00839746609527227,59,0.5661764705882352,0.5333333333333333,0.6099290780141844,0.5797101449275364,0.5915492957746479,0.5761396645275875,0.025782074210622927,57,0.8214826021180031,0.8093797276853253,0.8333333333333334,0.8242424242424242,0.8242424242424242,0.8225361023243021,0.0077019909473421055,58
0.9128200054168701,0.10100885237559255,0.09373459815979004,0.02115981007291631,5,sqrt,1,5,200,"{'clf__max_depth': 5, 'clf__max_features': 'sqrt', 'clf__min_samples_leaf': 1, 'clf__min_samples_split': 5, 'clf__n_estimators': 200}",0.8414634146341463,0.8220274390243901,0.838383241494438,0.8264318742521163,0.8370682565789473,0.8330748451968077,0.007492245978812136,61,0.5777777777777777,0.5263157894736842,0.6077738515901061,0.5547445255474454,0.5765124555160143,0.5686248799810055,0.027060505326792224,64,0.8275340393343419,0.8093797276853253,0.8318181818181818,0.8151515151515152,0.8196969696969697,0.8207160867372668,0.008127202296374246,62
1.7890017986297608,0.2537020105619879,0.13666729927062987,0.014030396399678933,5,sqrt,1,5,400,"{'clf__max_depth': 5, 'clf__max_features': 'sqrt', 'clf__min_samples_leaf': 1, 'clf__min_samples_split': 5, 'clf__n_estimators': 400}",0.8449665806754222,0.8229215525328331,0.8389593889881962,0.824954572986069,0.8379787359022557,0.8339561662169551,0.008546741032360042,57,0.5703703703703704,0.5313653136531366,0.5944055944055944,0.5620437956204379,0.5915492957746479,0.5699468739648375,0.02287386467677337,62,0.8245083207261724,0.8078668683812406,0.8242424242424242,0.8181818181818182,0.8242424242424242,0.819808371154816,0.006428939922040448,64
0.9245107650756836,0.12524731885534218,0.09675068855285644,0.030639079225442616,5,sqrt,2,2,200,"{'clf__max_depth': 5, 'clf__max_features': 'sqrt', 'clf__min_samples_leaf': 2, 'clf__min_samples_split': 2, 'clf__n_estimators': 200}",0.8400856003752345,0.8204590759849906,0.837880959063982,0.8235659097959847,0.8374647556390976,0.8318912601718578,0.008174274892292773,64,0.5860805860805861,0.5427509293680297,0.6049822064056939,0.5631768953068592,0.5806451612903226,0.5755271556902983,0.021128080037894473,58,0.8290468986384266,0.8139183055975794,0.8318181818181818,0.8166666666666667,0.8227272727272728,0.8228354650896254,0.006882624783229379,57
1.5742757320404053,0.10635067281380298,0.13624143600463867,0.013831527228650577,5,sqrt,2,2,400,"{'clf__max_depth': 5, 'clf__max_features': 'sqrt', 'clf__min_samples_leaf': 2, 'clf__min_samples_split': 2, 'clf__n_estimators': 400}",0.843500820825516,0.8220420966228893,0.8383389224564567,0.823669320884608,0.838096217105263,0.8331294755789467,0.008623179916230597,60,0.5682656826568266,0.5328467153284672,0.6020761245674742,0.5661764705882353,0.5915492957746479,0.5721828577831303,0.023947523340996802,60,0.8229954614220878,0.8063540090771558,0.8257575757575758,0.8212121212121212,0.8242424242424242,0.820112318342273,0.00703903203909905,63
0.822387981414795,0.09760167757281872,0.08084807395935059,0.00921198019822707,5,sqrt,2,5,200,"{'clf__max_depth': 5, 'clf__max_features': 'sqrt', 'clf__min_samples_leaf': 2, 'clf__min_samples_split': 5, 'clf__n_estimators': 200}",0.8413754690431521,0.8213531894934334,0.8383241494437961,0.8256341315684508,0.83742070018797,0.8328215279473605,0.00784579620565673,62,0.5746268656716418,0.5427509293680297,0.6028368794326241,0.5599999999999999,0.5806451612903226,0.5721719671525236,0.020158931715053705,61,0.8275340393343419,0.8139183055975794,0.8303030303030303,0.8166666666666667,0.8227272727272728,0.8222298629257783,0.006222360857781272,59
1.9424346923828124,0.26325368593018267,0.17529778480529784,0.03507398527168585,5,sqrt,2,5,400,"{'clf__max_depth': 5, 'clf__max_features': 'sqrt', 'clf__min_samples_leaf': 2, 'clf__min_samples_split': 5, 'clf__n_estimators': 400}",0.8443802767354597,0.8230388133208255,0.8384866525830612,0.8244227445302921,0.8384339755639098,0.8337524925467097,0.008474732702070966,58,0.562962962962963,0.5441176470588235,0.5985915492957746,0.5661764705882353,0.5915492957746479,0.5726795851360889,0.01989966541529337,59,0.8214826021180031,0.8124054462934948,0.8272727272727273,0.8212121212121212,0.8242424242424242,0.821323064227754,0.004969563835117541,60
0.9062694549560547,0.14421065446005218,0.09017267227172851,0.029110896781697208,5,log2,1,2,200,"{'clf__max_depth': 5, 'clf__max_features': 'log2', 'clf__min_samples_leaf': 1, 'clf__min_samples_split': 2, 'clf__n_estimators': 200}",0.8256185506566605,0.8166187851782364,0.8335376933418033,0.8136679913134686,0.8361430921052632,0.8251172225190864,0.008899817878419475,71,0.5314685314685316,0.5338078291814946,0.5945945945945945,0.5284280936454849,0.5806451612903226,0.5537888420360856,0.02802490329407225,71,0.7972768532526475,0.8018154311649016,0.8181818181818182,0.7863636363636364,0.8227272727272728,0.8052730023380554,0.013451738932019914,72
1.601497220993042,0.15613026995247709,0.139473295211792,0.021557183860794672,5,log2,1,2,400,"{'clf__max_depth': 5, 'clf__max_features': 'log2', 'clf__min_samples_leaf': 1, 'clf__min_samples_split': 2, 'clf__n_estimators': 400}",0.8332405018761726,0.8179086538461537,0.8342467979495058,0.8150714275162134,0.837391329887218,0.8275717422150528,0.009195092730365518,68,0.5474452554744527,0.530909090909091,0.5993031358885017,0.5405405405405406,0.5915492957746479,0.5619494637174467,0.02794160222646395,68,0.8124054462934948,0.8048411497730711,0.8257575757575758,0.793939393939394,0.8242424242424242,0.812237198001192,0.01197050994856105,67
0.8549086570739746,0.11468741366690964,0.08847260475158691,0.0153890532612635,5,log2,1,5,200,"{'clf__max_depth': 5, 'clf__max_features': 'log2', 'clf__min_samples_leaf': 1, 'clf__min_samples_split': 5, 'clf__n_estimators': 200}",0.8266006097560975,0.8144641181988743,0.8330354109113471,0.81402254361732,0.8370682565789473,0.8250381878125174,0.009426289401207951,72,0.5300353356890459,0.5357142857142857,0.5973154362416108,0.5369127516778524,0.5765124555160143,0.5552980529677619,0.026740454372819553,70,0.7987897125567323,0.8033282904689864,0.8181818181818182,0.7909090909090909,0.8196969696969697,0.8061811763627196,0.011159761312369355,70
1.612518835067749,0.1313929075073683,0.15529227256774902,0.030216078615476524,5,log2,1,5,400,"{'clf__max_depth': 5, 'clf__max_features': 'log2', 'clf__min_samples_leaf': 1, 'clf__min_samples_split': 5, 'clf__n_estimators': 400}",0.8326688555347092,0.8171464587242027,0.8348377184559247,0.8154998448833671,0.8379787359022557,0.8276263227000917,0.00939662533504907,67,0.5487364620938627,0.530909090909091,0.6006825938566553,0.5410958904109588,0.5915492957746479,0.5625946666090431,0.02809727271453359,67,0.81089258698941,0.8048411497730711,0.8227272727272728,0.796969696969697,0.8242424242424242,0.811934626140375,0.010424159171074993,68
0.994313907623291,0.1989864197867476,0.10177206993103027,0.020083879545393972,5,log2,2,2,200,"{'clf__max_depth': 5, 'clf__max_features': 'log2', 'clf__min_samples_leaf': 2, 'clf__min_samples_split': 2, 'clf__n_estimators': 200}",0.8292389774859288,0.8169119371482175,0.8331683680252914,0.8155737099466693,0.8374647556390976,0.8264715496490409,0.00875791884503586,69,0.5371024734982333,0.5338078291814946,0.5953177257525083,0.5351170568561873,0.5806451612903226,0.5563980493157492,0.026222820538443388,69,0.8018154311649016,0.8018154311649016,0.8166666666666667,0.7893939393939394,0.8227272727272728,0.8064837482235365,0.011859104944935576,69
1.8312970638275146,0.2960559306702295,0.13925185203552246,0.023733176037485856,5,log2,2,2,400,"{'clf__max_depth': 5, 'clf__max_features': 'log2', 'clf__min_samples_leaf': 2, 'clf__min_samples_split': 2, 'clf__n_estimators': 400}",0.8363625703564728,0.8185096153846153,0.8337740615443706,0.8158248511618975,0.838096217105263,0.8285134631105239,0.009404141609634317,65,0.5474452554744527,0.530909090909091,0.595890410958904,0.547945205479452,0.5915492957746479,0.5627478517193095,0.02605742462365995,66,0.8124054462934948,0.8048411497730711,0.8212121212121212,0.8,0.8242424242424242,0.8125402283042222,0.009259529347903191,65
0.922218132019043,0.2141160388730644,0.08013105392456055,0.0066808047686079605,5,log2,2,5,200,"{'clf__max_depth': 5, 'clf__max_features': 'log2', 'clf__min_samples_leaf': 2, 'clf__min_samples_split': 5, 'clf__n_estimators': 200}",0.828388836772983,0.815812617260788,0.8327251776454773,0.8154850718707065,0.83742070018797,0.8259664807475848,0.008896154351321364,70,0.5338078291814946,0.5338078291814946,0.5819397993311036,0.5387205387205388,0.5806451612903226,0.5537842315409909,0.02253563262226328,72,0.8018154311649016,0.8018154311649016,0.8106060606060606,0.7924242424242425,0.8227272727272728,0.8058776876174758,0.010200637941146262,71
1.530094861984253,0.15795651625157306,0.1336836338043213,0.016853939662715083,5,log2,2,5,400,"{'clf__max_depth': 5, 'clf__max_features': 'log2', 'clf__min_samples_leaf': 2, 'clf__min_samples_split': 5, 'clf__n_estimators': 400}",0.8343544793621013,0.817718105065666,0.8340842948102406,0.8163566796176744,0.8384339755639098,0.8281895068839183,0.00924522153374873,66,0.5494505494505495,0.5362318840579711,0.5966101694915255,0.5460750853242321,0.5915492957746479,0.5639833968197852,0.025005770590051844,65,0.8139183055975794,0.8063540090771558,0.8196969696969697,0.7984848484848485,0.8242424242424242,0.8125393114197955,0.009229110901424935,66
1.4439880847930908,0.17603285114892328,0.07899513244628906,0.012612613462886993,5,0.5,1,2,200,"{'clf__max_depth': 5, 'clf__max_features': 0.5, 'clf__min_samples_leaf': 1, 'clf__min_samples_split': 2, 'clf__n_estimators': 200}",0.8801448170731707,0.826952392120075,0.8508073451418948,0.8373786766335258,0.853500939849624,0.8497568341636581,0.017954457757180083,51,0.64,0.5214007782101168,0.6000000000000001,0.5660377358490565,0.6304347826086957,0.5915746593335738,0.043594993331678836,52,0.8638426626323752,0.8139183055975794,0.8303030303030303,0.8257575757575758,0.8454545454545455,0.8358552239490212,0.017259556410635396,55
3.076246404647827,0.37275305473725345,0.13457794189453126,0.026430916927351184,5,0.5,1,2,400,"{'clf__max_depth': 5, 'clf__max_features': 0.5, 'clf__min_samples_leaf': 1, 'clf__min_samples_split': 2, 'clf__n_estimators': 400}",0.8797930347091932,0.8249882739212007,0.8512357625090485,0.8389298429628753,0.8565848214285715,0.8503063471061779,0.0183312709593651,49,0.6370967741935485,0.5176470588235293,0.6064981949458483,0.5627376425855513,0.6327272727272728,0.5913413886551501,0.045354391235421086,53,0.8638426626323752,0.8139183055975794,0.8348484848484848,0.8257575757575758,0.8469696969696969,0.8370673451611423,0.017226064291009893,51
1.4167536735534667,0.17157073525142016,0.07308273315429688,0.006374499735987941,5,0.5,1,5,200,"{'clf__max_depth': 5, 'clf__max_features': 0.5, 'clf__min_samples_leaf': 1, 'clf__min_samples_split': 5, 'clf__n_estimators': 200}",0.8787376876172608,0.8272015712945591,0.8511766704584065,0.8356206881269297,0.8549988251879698,0.8495470885370253,0.01776364159528364,54,0.6320000000000001,0.5217391304347826,0.597864768683274,0.5627376425855513,0.6258992805755395,0.5880481644558294,0.041227047112103614,56,0.8608169440242057,0.8169440242057489,0.8287878787878787,0.8257575757575758,0.8424242424242424,0.8349461330399303,0.015307844941660322,56
3.2334414958953857,0.3107742815517624,0.14156951904296874,0.021563013920250958,5,0.5,1,5,400,"{'clf__max_depth': 5, 'clf__max_features': 0.5, 'clf__min_samples_leaf': 1, 'clf__min_samples_split': 5, 'clf__n_estimators': 400}",0.8791041275797374,0.8253986866791745,0.8514425846862951,0.8376889098993958,0.8575393562030074,0.8502347330095221,0.018234501601943592,50,0.6479999999999999,0.5196850393700788,0.60431654676259,0.564885496183206,0.6327272727272728,0.5939228710086295,0.04667455570547096,49,0.8668683812405447,0.8154311649016641,0.8333333333333334,0.8272727272727273,0.8469696969696969,0.8379750607435932,0.01766374968676818,50
1.599634838104248,0.129832210559988,0.09461698532104493,0.02732955764635162,5,0.5,2,2,200,"{'clf__max_depth': 5, 'clf__max_features': 0.5, 'clf__min_samples_leaf': 2, 'clf__min_samples_split': 2, 'clf__n_estimators': 200}",0.8769641181988743,0.8271429409005628,0.8528607939017004,0.8345718042280363,0.8541177161654137,0.8491314746789176,0.017371851327340874,55,0.6454183266932271,0.5196850393700788,0.6071428571428572,0.5606060606060607,0.628158844765343,0.5922022257155134,0.04605456391997388,51,0.8653555219364599,0.8154311649016641,0.8333333333333334,0.8242424242424242,0.843939393939394,0.8364603676706551,0.017275124476742402,52
2.9837862968444826,0.24837304867106016,0.13060493469238282,0.008809958812356073,5,0.5,2,2,400,"{'clf__max_depth': 5, 'clf__max_features': 0.5, 'clf__min_samples_leaf': 2, 'clf__min_samples_split': 2, 'clf__n_estimators': 400}",0.8783565900562852,0.8248856707317073,0.8519891861547326,0.8359456944054601,0.8572603383458648,0.84968749593881,0.018376780569373228,52,0.6345381526104418,0.5116279069767442,0.60431654676259,0.5627376425855513,0.6350364963503651,0.5896513490571385,0.04712050479761882,55,0.8623298033282905,0.8093797276853253,0.8333333333333334,0.8257575757575758,0.8484848484848485,0.8358570577178746,0.018273943669040515,54
1.4967315673828125,0.14287982631593063,0.08015542030334473,0.011419241040766722,5,0.5,2,5,200,"{'clf__max_depth': 5, 'clf__max_features': 0.5, 'clf__min_samples_leaf': 2, 'clf__min_samples_split': 5, 'clf__n_estimators': 200}",0.8776676829268293,0.8269817073170731,0.8514573576989555,0.8343206630128083,0.8544407894736843,0.84897364008587,0.017650844252782877,56,0.6320000000000001,0.5238095238095237,0.6049822064056939,0.5606060606060607,0.6304347826086957,0.5903665146859949,0.042114010257244885,54,0.8608169440242057,0.8184568835098336,0.8318181818181818,0.8242424242424242,0.8454545454545455,0.8361577958098382,0.015288124607374717,53
3.034110736846924,0.2948535733812178,0.1419539451599121,0.019018191933658554,5,0.5,2,5,400,"{'clf__max_depth': 5, 'clf__max_features': 0.5, 'clf__min_samples_leaf': 2, 'clf__min_samples_split': 5, 'clf__n_estimators': 400}",0.8781953564727956,0.8250175891181988,0.8512505355217089,0.8359161483801391,0.8575099859022556,0.8495779230790195,0.01830041988180832,53,0.6428571428571428,0.5196850393700788,0.6064981949458483,0.564885496183206,0.6350364963503651,0.5937924739413283,0.046037749050927584,50,0.8638426626323752,0.8154311649016641,0.8348484848484848,0.8272727272727273,0.8484848484848485,0.8379759776280199,0.016805541466555666,49
1.4149874210357667,0.21929769135491411,0.10165152549743653,0.012139676828895198,10,sqrt,1,2,200,"{'clf__max_depth': 10, 'clf__max_features': 'sqrt', 'clf__min_samples_leaf': 1, 'clf__min_samples_split': 2, 'clf__n_estimators': 200}",0.9318421669793621,0.9179760787992495,0.9245985433809518,0.9048027064159194,0.9081296992481203,0.9174698389647207,0.01005318829943038,34,0.6126126126126127,0.6244343891402715,0.7012987012987012,0.6367713004484306,0.6523605150214591,0.645495503704295,0.030861276829778548,41,0.869894099848714,0.8744326777609682,0.8954545454545455,0.8772727272727273,0.8772727272727273,0.8788653555219366,0.008722456220439784,34
2.491468334197998,0.32248380742224464,0.18533239364624024,0.045199752496572564,10,sqrt,1,2,400,"{'clf__max_depth': 10, 'clf__max_features': 'sqrt', 'clf__min_samples_leaf': 1, 'clf__min_samples_split': 2, 'clf__n_estimators': 400}",0.9345391651031896,0.9174484052532833,0.9245246783176493,0.9049208905172031,0.9084087171052632,0.9179683712593179,0.010765411991815679,33,0.6244343891402715,0.6153846153846153,0.7068965517241379,0.6278026905829597,0.6551724137931033,0.6459381321250175,0.033244619009498114,40,0.8744326777609682,0.8714069591527988,0.896969696969697,0.8742424242424243,0.8787878787878788,0.8791679273827533,0.00920829229980749,33
1.5181806087493896,0.09302320271454616,0.11510758399963379,0.008298537030886658,10,sqrt,1,5,200,"{'clf__max_depth': 10, 'clf__max_features': 'sqrt', 'clf__min_samples_leaf': 1, 'clf__min_samples_split': 5, 'clf__n_estimators': 200}",0.9286321529080676,0.9174190900562852,0.922382591481881,0.9007401279342897,0.9112429511278196,0.9160833827016687,0.009568500653338502,37,0.6288209606986899,0.6167400881057268,0.7183673469387756,0.6379310344827587,0.6583333333333334,0.6520385527118568,0.03584185670328443,28,0.8714069591527988,0.8683812405446294,0.8954545454545455,0.8727272727272727,0.8757575757575757,0.8767455187273644,0.009649988405760373,39
2.330328416824341,0.24571192912951154,0.16491255760192872,0.009063013814393879,10,sqrt,1,5,400,"{'clf__max_depth': 10, 'clf__max_features': 'sqrt', 'clf__min_samples_leaf': 1, 'clf__min_samples_split': 5, 'clf__n_estimators': 400}",0.9323258677298312,0.9173897748592871,0.9242439910771004,0.9008435390229129,0.908702420112782,0.9167011185603828,0.011108050824086887,36,0.6288209606986899,0.6079295154185023,0.7160493827160493,0.632034632034632,0.6666666666666666,0.650300231506908,0.03789744019043974,31,0.8714069591527988,0.8653555219364599,0.8954545454545455,0.8712121212121212,0.8787878787878788,0.8764434053087609,0.010417228867567033,40
1.3017801761627197,0.1359359338643347,0.10787844657897949,0.012227392618864616,10,sqrt,2,2,200,"{'clf__max_depth': 10, 'clf__max_features': 'sqrt', 'clf__min_samples_leaf': 2, 'clf__min_samples_split': 2, 'clf__n_estimators': 200}",0.9326483348968105,0.9108964587242027,0.9208905172031734,0.9022469752256578,0.9072045347744361,0.9147773641648561,0.01082739168918855,41,0.6437768240343347,0.6375545851528385,0.7136929460580913,0.6351931330472103,0.6612244897959183,0.6582883956176786,0.029162141958151956,25,0.8744326777609682,0.8744326777609682,0.8954545454545455,0.8712121212121212,0.8742424242424243,0.8779548892862055,0.008835125715793033,37
2.3307281970977782,0.13237649761136044,0.18506546020507814,0.014583023311012102,10,sqrt,2,2,400,"{'clf__max_depth': 10, 'clf__max_features': 'sqrt', 'clf__min_samples_leaf': 2, 'clf__min_samples_split': 2, 'clf__n_estimators': 400}",0.9325017589118199,0.9130218105065666,0.9215553027728945,0.9007844469722709,0.9058975563909775,0.9147521751109059,0.011294477719532283,42,0.6609442060085836,0.6343612334801763,0.7024793388429753,0.635593220338983,0.6528925619834711,0.657254112130838,0.024784023764559154,27,0.8804841149773072,0.8744326777609682,0.8909090909090909,0.8696969696969697,0.8727272727272727,0.8776500252143217,0.007505608524687301,38
1.2572033882141114,0.1655396165204687,0.10549020767211914,0.017008896355552198,10,sqrt,2,5,200,"{'clf__max_depth': 10, 'clf__max_features': 'sqrt', 'clf__min_samples_leaf': 2, 'clf__min_samples_split': 5, 'clf__n_estimators': 200}",0.9316955909943715,0.9163490853658537,0.9182018288989674,0.9007549009469501,0.9052954652255638,0.9144593742863412,0.010830087346665873,43,0.6347826086956521,0.6106194690265487,0.6938775510204082,0.6556016597510375,0.6556016597510373,0.6500965896489368,0.027460317687676143,32,0.8729198184568835,0.8668683812405447,0.8863636363636364,0.8742424242424243,0.8742424242424243,0.8749273369091826,0.006335677591852417,44
2.5578027725219727,0.26830999774180153,0.19254546165466307,0.013405922347386679,10,sqrt,2,5,400,"{'clf__max_depth': 10, 'clf__max_features': 'sqrt', 'clf__min_samples_leaf': 2, 'clf__min_samples_split': 5, 'clf__n_estimators': 400}",0.9317395637898686,0.9168474437148217,0.9211564314310617,0.9027935766940952,0.9035479323308271,0.9152169895921348,0.010967578525149974,38,0.6551724137931033,0.6255506607929515,0.6857142857142857,0.6359832635983264,0.6556016597510373,0.6516044567299408,0.02056701407846637,29,0.8789712556732224,0.8714069591527988,0.8833333333333333,0.8681818181818182,0.8742424242424243,0.8752271581167193,0.005383842101705737,43
1.3223929405212402,0.15001955517649346,0.10736303329467774,0.008429038683637131,10,log2,1,2,200,"{'clf__max_depth': 10, 'clf__max_features': 'log2', 'clf__min_samples_leaf': 1, 'clf__min_samples_split': 2, 'clf__n_estimators': 200}",0.9277380393996247,0.9117319418386491,0.9242292180644398,0.9027344846434534,0.9081296992481203,0.9149126766388574,0.009546958578618633,39,0.6311111111111111,0.5871559633027522,0.6872246696035242,0.6484018264840182,0.6523605150214591,0.641250817104573,0.0326105022409006,44,0.8744326777609682,0.8638426626323752,0.8924242424242425,0.8833333333333333,0.8772727272727273,0.8782611286847294,0.009485222063035623,36
2.3982239723205567,0.1831084353722343,0.1693423271179199,0.015745623207817114,10,log2,1,2,400,"{'clf__max_depth': 10, 'clf__max_features': 'log2', 'clf__min_samples_leaf': 1, 'clf__min_samples_split': 2, 'clf__n_estimators': 400}",0.9313731238273922,0.9109257739212009,0.9266076731027758,0.906353872745269,0.9084087171052632,0.9167338321403802,0.010223367685039661,35,0.6311111111111111,0.5806451612903225,0.6956521739130435,0.6454545454545454,0.6551724137931033,0.6416070811124251,0.037272548458869195,43,0.8744326777609682,0.8623298033282905,0.8939393939393939,0.8818181818181818,0.8787878787878788,0.8782615871269426,0.01026842010338989,35
1.1850994110107422,0.12407967127723149,0.09786376953125,0.007878857053930535,10,log2,1,5,200,"{'clf__max_depth': 10, 'clf__max_features': 'log2', 'clf__min_samples_leaf': 1, 'clf__min_samples_split': 5, 'clf__n_estimators': 200}",0.9289106472795498,0.9147367495309567,0.9204620998360195,0.8987457712251259,0.9112429511278196,0.9148196437998942,0.010015614515979085,40,0.632034632034632,0.6200873362445415,0.7053941908713693,0.6293103448275862,0.6583333333333334,0.6490319674622926,0.030915559584129882,35,0.8714069591527988,0.8683812405446294,0.8924242424242425,0.8696969696969697,0.8757575757575757,0.8755333975152432,0.008804494649819151,41
2.425082540512085,0.20209709149290178,0.19241538047790527,0.025148246098734332,10,log2,1,5,400,"{'clf__max_depth': 10, 'clf__max_features': 'log2', 'clf__min_samples_leaf': 1, 'clf__min_samples_split': 5, 'clf__n_estimators': 400}",0.9267413227016886,0.9141651031894934,0.9206836950259266,0.8984503109719165,0.908702420112782,0.9137485704003614,0.009763006092029517,44,0.6347826086956521,0.6228070175438596,0.6913580246913581,0.6324786324786325,0.6666666666666666,0.6496185900152337,0.025556064755962737,33,0.8729198184568835,0.869894099848714,0.8863636363636364,0.8696969696969697,0.8787878787878788,0.8755324806308165,0.006333752142414934,42
1.1209378242492676,0.10615347458896134,0.09448671340942383,0.011239691310697858,10,log2,2,2,200,"{'clf__max_depth': 10, 'clf__max_features': 'log2', 'clf__min_samples_leaf': 2, 'clf__min_samples_split': 2, 'clf__n_estimators': 200}",0.9287933864915573,0.9150592166979362,0.917596135379888,0.8965298193260552,0.9072045347744361,0.9130366185339746,0.010767018665712197,45,0.6581196581196581,0.5964912280701754,0.680672268907563,0.6206896551724137,0.6612244897959183,0.6434394600131457,0.03046239538135861,42,0.8789712556732224,0.8608169440242057,0.8848484848484849,0.8666666666666667,0.8742424242424243,0.8731091550910008,0.00855645365053678,48
2.3270290374755858,0.24083106571083487,0.17591753005981445,0.014763936831146705,10,log2,2,2,400,"{'clf__max_depth': 10, 'clf__max_features': 'log2', 'clf__min_samples_leaf': 2, 'clf__min_samples_split': 2, 'clf__n_estimators': 400}",0.9260963883677298,0.9112042682926829,0.9197973142662983,0.8979923475794419,0.9058975563909775,0.9121975749794261,0.009933764932847033,46,0.6551724137931033,0.6106194690265487,0.6913580246913581,0.6329113924050632,0.6528925619834711,0.6485907723799089,0.026752660064019208,37,0.8789712556732224,0.8668683812405447,0.8863636363636364,0.8681818181818182,0.8727272727272727,0.8746224728372989,0.007238322809122066,45
1.093434476852417,0.09452318226911688,0.09758524894714356,0.012331664802377108,10,log2,2,5,200,"{'clf__max_depth': 10, 'clf__max_features': 'log2', 'clf__min_samples_leaf': 2, 'clf__min_samples_split': 5, 'clf__n_estimators': 200}",0.9262136491557224,0.9124355065666041,0.917625681405209,0.8983912189212746,0.9052954652255638,0.9119923042548747,0.009633433369596418,47,0.6610169491525424,0.6106194690265487,0.6942148760330579,0.6224066390041494,0.6556016597510373,0.6487719185934672,0.029706517447549107,36,0.8789712556732224,0.8668683812405447,0.8878787878787879,0.8621212121212121,0.8742424242424243,0.8740164122312383,0.009048283221241866,46
2.440653944015503,0.20548426521633592,0.1817692756652832,0.02192635836531479,10,log2,2,5,400,"{'clf__max_depth': 10, 'clf__max_features': 'log2', 'clf__min_samples_leaf': 2, 'clf__min_samples_split': 5, 'clf__n_estimators': 400}",0.9265800891181989,0.9086978189493433,0.9177290924938323,0.8980218936047628,0.9035479323308271,0.9109153652993929,0.010171023973040929,48,0.632034632034632,0.6133333333333333,0.710204081632653,0.6229508196721312,0.6556016597510373,0.6468249052847572,0.03465360284856055,39,0.8714069591527988,0.8683812405446294,0.8924242424242425,0.8606060606060606,0.8742424242424243,0.8734121853940311,0.010540168684672092,47
2.438036632537842,0.2166585104635227,0.09940161705017089,0.011132130973837629,10,0.5,1,2,200,"{'clf__max_depth': 10, 'clf__max_features': 0.5, 'clf__min_samples_leaf': 1, 'clf__min_samples_split': 2, 'clf__n_estimators': 200}",0.9437587945590995,0.9224026735459663,0.9235348864693976,0.9205655109246429,0.9196575422932332,0.9259838815584679,0.00899056693183991,25,0.6724890829694323,0.6160714285714286,0.680672268907563,0.6727272727272726,0.6724890829694323,0.6628898272290258,0.02361882486654537,20,0.886535552193646,0.869894099848714,0.8848484848484849,0.8909090909090909,0.8863636363636364,0.8837101728327145,0.007197606347362484,28
4.967557048797607,0.42497501940555343,0.18429574966430665,0.02216208500243126,10,0.5,1,2,400,"{'clf__max_depth': 10, 'clf__max_features': 0.5, 'clf__min_samples_leaf': 1, 'clf__min_samples_split': 2, 'clf__n_estimators': 400}",0.9430112570356473,0.9251289868667917,0.924761046520217,0.9163847483417292,0.9188939144736841,0.9256359906476138,0.009316260381206814,26,0.6548672566371682,0.5972850678733032,0.7000000000000001,0.6605504587155964,0.6812227074235808,0.6587850981299297,0.034649196667455015,23,0.8819969742813918,0.8653555219364599,0.8909090909090909,0.8878787878787879,0.8893939393939394,0.883106862879934,0.009375663384521008,29
2.503226137161255,0.27338809761289656,0.10260004997253418,0.014570143086588648,10,0.5,1,5,200,"{'clf__max_depth': 10, 'clf__max_features': 0.5, 'clf__min_samples_leaf': 1, 'clf__min_samples_split': 5, 'clf__n_estimators': 200}",0.9401237101313321,0.9180640243902439,0.9279076982168972,0.9140506123413749,0.9149729793233083,0.9230238048806314,0.009860959108695331,28,0.6608695652173913,0.6133333333333333,0.6967213114754098,0.6814159292035398,0.6724137931034483,0.6649507864666245,0.028344951887751834,19,0.8819969742813918,0.8683812405446294,0.8878787878787879,0.8909090909090909,0.8848484848484849,0.8828029156924769,0.007801194317466627,31
5.207726192474365,0.5790158236484175,0.1964813232421875,0.03982041604924566,10,0.5,1,5,400,"{'clf__max_depth': 10, 'clf__max_features': 0.5, 'clf__min_samples_leaf': 1, 'clf__min_samples_split': 5, 'clf__n_estimators': 400}",0.9419412523452158,0.9193978658536586,0.9257803843937894,0.9156904167466872,0.9171610667293233,0.9239941972137349,0.009613094785428303,27,0.6724137931034483,0.6194690265486725,0.7136929460580913,0.6960352422907489,0.6695652173913044,0.6742352450784531,0.03180130683793454,8,0.8850226928895613,0.869894099848714,0.8954545454545455,0.8954545454545455,0.8848484848484849,0.8861348736991703,0.009384743373646096,24
2.674270582199097,0.40620779870717216,0.1218790054321289,0.024727355748867027,10,0.5,2,2,200,"{'clf__max_depth': 10, 'clf__max_features': 0.5, 'clf__min_samples_leaf': 2, 'clf__min_samples_split': 2, 'clf__n_estimators': 200}",0.9395520637898687,0.918577040337711,0.9237860276846257,0.914685851885775,0.9142240366541353,0.9221650040704231,0.009346739836973067,30,0.6434782608695652,0.6283185840707964,0.7073170731707317,0.6753246753246753,0.6751054852320675,0.6659088157335672,0.027582734576739754,18,0.875945537065053,0.8729198184568835,0.8909090909090909,0.8863636363636364,0.8833333333333333,0.8818942832255994,0.006621802458891774,32
5.1340583801269535,0.8880957848736064,0.19020848274230956,0.0326445434785659,10,0.5,2,2,400,"{'clf__max_depth': 10, 'clf__max_features': 0.5, 'clf__min_samples_leaf': 2, 'clf__min_samples_split': 2, 'clf__n_estimators': 400}",0.9417946763602252,0.9209808864915572,0.9238746657605884,0.9120119365942296,0.9143855733082707,0.9226095477029741,0.010509665443709166,29,0.6752136752136751,0.625,0.7049180327868853,0.6578947368421052,0.6919831223628693,0.6710019134411069,0.027914968512126603,10,0.8850226928895613,0.8729198184568835,0.8909090909090909,0.8818181818181818,0.8893939393939394,0.8840127446935314,0.006409461156646457,27
2.503063440322876,0.30182855928115015,0.11020078659057617,0.017987637213074864,10,0.5,2,5,200,"{'clf__max_depth': 10, 'clf__max_features': 0.5, 'clf__min_samples_leaf': 2, 'clf__min_samples_split': 5, 'clf__n_estimators': 200}",0.9398891885553471,0.9157920966228893,0.9250565067734263,0.9109925987206572,0.9100828242481203,0.9203626429840881,0.01111468070618488,32,0.6724137931034483,0.6406926406926406,0.6907630522088354,0.6893617021276596,0.6857142857142856,0.6757890947693739,0.018708812026904317,6,0.8850226928895613,0.8744326777609682,0.8833333333333333,0.8893939393939394,0.8833333333333333,0.8831031953422273,0.004869121762190706,30
4.814141941070557,0.3966058343394648,0.15561604499816895,0.016210275897243536,10,0.5,2,5,400,"{'clf__max_depth': 10, 'clf__max_features': 0.5, 'clf__min_samples_leaf': 2, 'clf__min_samples_split': 5, 'clf__n_estimators': 400}",0.9407539868667918,0.9170526500938087,0.9229882850009603,0.9102096290496521,0.9134457236842105,0.9208900549390846,0.010799940758908328,31,0.6724137931034483,0.6521739130434783,0.6935483870967742,0.689655172413793,0.6831275720164609,0.678183767534791,0.014845275359743646,4,0.8850226928895613,0.8789712556732224,0.8848484848484849,0.8909090909090909,0.8833333333333333,0.8846169715307386,0.003829642517895958,26
